USE myp_dev;

-- 插入分类数据
INSERT INTO categories (name, description, parent_id) VALUES
('电子产品', '各类电子设备', NULL),
('手机', '智能手机和平板电脑', 1),
('笔记本电脑', '便携计算机', 1),
('家用电器', '家庭使用的电器', NULL),
('厨房电器', '厨房用电器', 4),
('生活电器', '改善生活质量的电器', 4),
('服装', '各类服装服饰', NULL),
('男装', '男性服装', 7),
('女装', '女性服装', 7),
('童装', '儿童服装', 7);

-- 插入用户数据
INSERT INTO users (username, password, email, phone, address) VALUES
('user1', 'password1', 'user1@example.com', '13800138001', '北京市海淀区中关村'),
('user2', 'password2', 'user2@example.com', '13800138002', '上海市浦东新区张江高科技园区'),
('user3', 'password3', 'user3@example.com', '13800138003', '广州市天河区珠江新城'),
('user4', 'password4', 'user4@example.com', '13800138004', '深圳市南山区科技园'),
('user5', 'password5', 'user5@example.com', '13800138005', '杭州市西湖区互联网小镇'),
('user6', 'password6', 'user6@example.com', '13800138006', '成都市锦江区春熙路'),
('user7', 'password7', 'user7@example.com', '13800138007', '武汉市武昌区光谷广场'),
('user8', 'password8', 'user8@example.com', '13800138008', '南京市玄武区新街口'),
('user9', 'password9', 'user9@example.com', '13800138009', '重庆市渝中区解放碑'),
('user10', 'password10', 'user10@example.com', '13800138010', '西安市雁塔区大雁塔');

-- 插入更多产品数据
INSERT INTO products (name, price, description) VALUES
('智能手机A', 2999.00, '高性能智能手机，128GB存储'),
('智能手机B', 3999.00, '旗舰智能手机，256GB存储'),
('平板电脑', 1999.00, '10英寸平板电脑，64GB存储'),
('笔记本电脑A', 5999.00, '轻薄笔记本电脑，8GB内存'),
('笔记本电脑B', 7999.00, '游戏笔记本电脑，16GB内存'),
('微波炉', 599.00, '家用微波炉，20L容量'),
('电饭煲', 399.00, '智能电饭煲，5L容量'),
('洗衣机', 2999.00, '全自动洗衣机，8kg容量'),
('男士T恤', 99.00, '纯棉男士T恤，白色'),
('女士连衣裙', 199.00, '夏季女士连衣裙，碎花');

-- 插入订单数据
INSERT INTO orders (user_id, total_amount, status, payment_method, shipping_address) VALUES
(1, 2999.00, '已支付', '支付宝', '北京市海淀区中关村'),
(2, 3999.00, '已发货', '微信支付', '上海市浦东新区张江高科技园区'),
(3, 1999.00, '已完成', '银联支付', '广州市天河区珠江新城'),
(4, 5999.00, '已支付', '支付宝', '深圳市南山区科技园'),
(5, 7999.00, '已发货', '微信支付', '杭州市西湖区互联网小镇'),
(6, 599.00, '已完成', '银联支付', '成都市锦江区春熙路'),
(7, 399.00, '已支付', '支付宝', '武汉市武昌区光谷广场'),
(8, 2999.00, '已发货', '微信支付', '南京市玄武区新街口'),
(9, 99.00, '已完成', '银联支付', '重庆市渝中区解放碑'),
(10, 199.00, '已支付', '支付宝', '西安市雁塔区大雁塔');

-- 插入订单项数据
INSERT INTO order_items (order_id, product_id, quantity, unit_price) VALUES
(1, 1, 1, 2999.00),
(2, 2, 1, 3999.00),
(3, 3, 1, 1999.00),
(4, 4, 1, 5999.00),
(5, 5, 1, 7999.00),
(6, 6, 1, 599.00),
(7, 7, 1, 399.00),
(8, 8, 1, 2999.00),
(9, 9, 1, 99.00),
(10, 10, 1, 199.00);

-- 插入库存数据
INSERT INTO inventory (product_id, quantity, warehouse_id) VALUES
(1, 100, 1),
(2, 50, 1),
(3, 75, 2),
(4, 30, 2),
(5, 20, 1),
(6, 40, 3),
(7, 60, 3),
(8, 25, 2),
(9, 100, 3),
(10, 80, 1);

-- 插入评论数据
INSERT INTO reviews (product_id, user_id, rating, comment) VALUES
(1, 1, 5, '手机很好用，性能强劲'),
(2, 2, 4, '旗舰机型，拍照效果出色'),
(3, 3, 5, '平板电脑很轻便，续航持久'),
(4, 4, 3, '笔记本电脑性能不错，但有点重'),
(5, 5, 5, '游戏笔记本电脑，运行流畅'),
(6, 6, 4, '微波炉使用方便，加热快'),
(7, 7, 5, '电饭煲煮饭很好吃，智能控制'),
(8, 8, 4, '洗衣机容量大，洗得干净'),
(9, 9, 5, 'T恤质量好，穿着舒适'),
(10, 10, 4, '连衣裙款式漂亮，面料舒服');